,Change in Meals,Change in KCalories
0,3.012224871051278,197.8104748432957
1,-0.3910219151730403,-4.718491488177339
2,0.8859014459901768,-7.4659422465791545
3,3.6895958429423734,478.39940139130147
4,2.1566871860785666,80.00493944085567
5,2.713435973787366,139.981696072248
6,-2.292394077839627,12.604592151583027
7,3.499416492855559,366.5355170151189
8,1.2637641829391653,29.26846965905935
9,1.175874052862925,10.479566091892057
